{
	"Short_Name": "XFM2 init",
	"Long_Name": "XFM2 init",
	"Description": "init with aftertouch amp lfo set to 0",
	"Creator": "Design.Thoughtz.eu",
	"date": "2020-04-27 17:06:29 CEST",
	"hash": "b4d2ab55",
	"parameters": [
		{"Par#": 0 , "Value": 0} ,
		{"Par#": 1 , "Value": 1} ,
		{"Par#": 2 , "Value": 0} ,
		{"Par#": 3 , "Value": 0} ,
		{"Par#": 4 , "Value": 0} ,
		{"Par#": 5 , "Value": 0} ,
		{"Par#": 6 , "Value": 0} ,
		{"Par#": 7 , "Value": 0} ,
		{"Par#": 8 , "Value": 0} ,
		{"Par#": 9 , "Value": 0} ,
		{"Par#": 10 , "Value": 0} ,
		{"Par#": 11 , "Value": 0} ,
		{"Par#": 12 , "Value": 0} ,
		{"Par#": 13 , "Value": 0} ,
		{"Par#": 14 , "Value": 0} ,
		{"Par#": 15 , "Value": 1} ,
		{"Par#": 16 , "Value": 1} ,
		{"Par#": 17 , "Value": 1} ,
		{"Par#": 18 , "Value": 1} ,
		{"Par#": 19 , "Value": 1} ,
		{"Par#": 20 , "Value": 1} ,
		{"Par#": 21 , "Value": 0} ,
		{"Par#": 22 , "Value": 0} ,
		{"Par#": 23 , "Value": 0} ,
		{"Par#": 24 , "Value": 0} ,
		{"Par#": 25 , "Value": 0} ,
		{"Par#": 26 , "Value": 0} ,
		{"Par#": 27 , "Value": 128} ,
		{"Par#": 28 , "Value": 128} ,
		{"Par#": 29 , "Value": 128} ,
		{"Par#": 30 , "Value": 128} ,
		{"Par#": 31 , "Value": 128} ,
		{"Par#": 32 , "Value": 128} ,
		{"Par#": 33 , "Value": 255} ,
		{"Par#": 34 , "Value": 255} ,
		{"Par#": 35 , "Value": 255} ,
		{"Par#": 36 , "Value": 255} ,
		{"Par#": 37 , "Value": 255} ,
		{"Par#": 38 , "Value": 255} ,
		{"Par#": 39 , "Value": 0} ,
		{"Par#": 40 , "Value": 0} ,
		{"Par#": 41 , "Value": 0} ,
		{"Par#": 42 , "Value": 0} ,
		{"Par#": 43 , "Value": 0} ,
		{"Par#": 44 , "Value": 0} ,
		{"Par#": 45 , "Value": 60} ,
		{"Par#": 46 , "Value": 60} ,
		{"Par#": 47 , "Value": 60} ,
		{"Par#": 48 , "Value": 60} ,
		{"Par#": 49 , "Value": 60} ,
		{"Par#": 50 , "Value": 60} ,
		{"Par#": 51 , "Value": 0} ,
		{"Par#": 52 , "Value": 0} ,
		{"Par#": 53 , "Value": 0} ,
		{"Par#": 54 , "Value": 0} ,
		{"Par#": 55 , "Value": 0} ,
		{"Par#": 56 , "Value": 0} ,
		{"Par#": 57 , "Value": 0} ,
		{"Par#": 58 , "Value": 0} ,
		{"Par#": 59 , "Value": 0} ,
		{"Par#": 60 , "Value": 0} ,
		{"Par#": 61 , "Value": 0} ,
		{"Par#": 62 , "Value": 0} ,
		{"Par#": 63 , "Value": 0} ,
		{"Par#": 64 , "Value": 0} ,
		{"Par#": 65 , "Value": 0} ,
		{"Par#": 66 , "Value": 0} ,
		{"Par#": 67 , "Value": 0} ,
		{"Par#": 68 , "Value": 0} ,
		{"Par#": 69 , "Value": 0} ,
		{"Par#": 70 , "Value": 0} ,
		{"Par#": 71 , "Value": 0} ,
		{"Par#": 72 , "Value": 0} ,
		{"Par#": 73 , "Value": 0} ,
		{"Par#": 74 , "Value": 0} ,
		{"Par#": 75 , "Value": 255} ,
		{"Par#": 76 , "Value": 255} ,
		{"Par#": 77 , "Value": 255} ,
		{"Par#": 78 , "Value": 255} ,
		{"Par#": 79 , "Value": 255} ,
		{"Par#": 80 , "Value": 255} ,
		{"Par#": 81 , "Value": 0} ,
		{"Par#": 82 , "Value": 255} ,
		{"Par#": 83 , "Value": 255} ,
		{"Par#": 84 , "Value": 255} ,
		{"Par#": 85 , "Value": 255} ,
		{"Par#": 86 , "Value": 255} ,
		{"Par#": 87 , "Value": 255} ,
		{"Par#": 88 , "Value": 0} ,
		{"Par#": 89 , "Value": 255} ,
		{"Par#": 90 , "Value": 255} ,
		{"Par#": 91 , "Value": 255} ,
		{"Par#": 92 , "Value": 255} ,
		{"Par#": 93 , "Value": 255} ,
		{"Par#": 94 , "Value": 255} ,
		{"Par#": 95 , "Value": 0} ,
		{"Par#": 96 , "Value": 0} ,
		{"Par#": 97 , "Value": 0} ,
		{"Par#": 98 , "Value": 0} ,
		{"Par#": 99 , "Value": 0} ,
		{"Par#": 100 , "Value": 0} ,
		{"Par#": 101 , "Value": 0} ,
		{"Par#": 102 , "Value": 0} ,
		{"Par#": 103 , "Value": 230} ,
		{"Par#": 104 , "Value": 230} ,
		{"Par#": 105 , "Value": 230} ,
		{"Par#": 106 , "Value": 230} ,
		{"Par#": 107 , "Value": 230} ,
		{"Par#": 108 , "Value": 230} ,
		{"Par#": 109 , "Value": 0} ,
		{"Par#": 110 , "Value": 255} ,
		{"Par#": 111 , "Value": 255} ,
		{"Par#": 112 , "Value": 255} ,
		{"Par#": 113 , "Value": 255} ,
		{"Par#": 114 , "Value": 255} ,
		{"Par#": 115 , "Value": 255} ,
		{"Par#": 116 , "Value": 0} ,
		{"Par#": 117 , "Value": 255} ,
		{"Par#": 118 , "Value": 255} ,
		{"Par#": 119 , "Value": 255} ,
		{"Par#": 120 , "Value": 255} ,
		{"Par#": 121 , "Value": 255} ,
		{"Par#": 122 , "Value": 160} ,
		{"Par#": 123 , "Value": 0} ,
		{"Par#": 124 , "Value": 160} ,
		{"Par#": 125 , "Value": 160} ,
		{"Par#": 126 , "Value": 160} ,
		{"Par#": 127 , "Value": 160} ,
		{"Par#": 128 , "Value": 160} ,
		{"Par#": 129 , "Value": 160} ,
		{"Par#": 130 , "Value": 128} ,
		{"Par#": 131 , "Value": 128} ,
		{"Par#": 132 , "Value": 128} ,
		{"Par#": 133 , "Value": 128} ,
		{"Par#": 134 , "Value": 255} ,
		{"Par#": 135 , "Value": 255} ,
		{"Par#": 136 , "Value": 255} ,
		{"Par#": 137 , "Value": 255} ,
		{"Par#": 138 , "Value": 0} ,
		{"Par#": 139 , "Value": 0} ,
		{"Par#": 140 , "Value": 0} ,
		{"Par#": 141 , "Value": 0} ,
		{"Par#": 142 , "Value": 0} ,
		{"Par#": 143 , "Value": 0} ,
		{"Par#": 144 , "Value": 0} ,
		{"Par#": 145 , "Value": 0} ,
		{"Par#": 146 , "Value": 0} ,
		{"Par#": 147 , "Value": 0} ,
		{"Par#": 148 , "Value": 0} ,
		{"Par#": 149 , "Value": 0} ,
		{"Par#": 150 , "Value": 0} ,
		{"Par#": 151 , "Value": 100} ,
		{"Par#": 152 , "Value": 0} ,
		{"Par#": 153 , "Value": 0} ,
		{"Par#": 154 , "Value": 255} ,
		{"Par#": 155 , "Value": 30} ,
		{"Par#": 156 , "Value": 0} ,
		{"Par#": 157 , "Value": 30} ,
		{"Par#": 158 , "Value": 0} ,
		{"Par#": 159 , "Value": 255} ,
		{"Par#": 160 , "Value": 255} ,
		{"Par#": 161 , "Value": 255} ,
		{"Par#": 162 , "Value": 255} ,
		{"Par#": 163 , "Value": 255} ,
		{"Par#": 164 , "Value": 255} ,
		{"Par#": 165 , "Value": 0} ,
		{"Par#": 166 , "Value": 0} ,
		{"Par#": 167 , "Value": 0} ,
		{"Par#": 168 , "Value": 0} ,
		{"Par#": 169 , "Value": 0} ,
		{"Par#": 170 , "Value": 0} ,
		{"Par#": 171 , "Value": 0} ,
		{"Par#": 172 , "Value": 2} ,
		{"Par#": 173 , "Value": 2} ,
		{"Par#": 174 , "Value": 24} ,
		{"Par#": 175 , "Value": 0} ,
		{"Par#": 176 , "Value": 0} ,
		{"Par#": 177 , "Value": 0} ,
		{"Par#": 178 , "Value": 0} ,
		{"Par#": 179 , "Value": 0} ,
		{"Par#": 180 , "Value": 200} ,
		{"Par#": 181 , "Value": 0} ,
		{"Par#": 182 , "Value": 0} ,
		{"Par#": 183 , "Value": 0} ,
		{"Par#": 184 , "Value": 0} ,
		{"Par#": 185 , "Value": 0} ,
		{"Par#": 186 , "Value": 0} ,
		{"Par#": 187 , "Value": 0} ,
		{"Par#": 188 , "Value": 0} ,
		{"Par#": 189 , "Value": 0} ,
		{"Par#": 190 , "Value": 0} ,
		{"Par#": 191 , "Value": 0} ,
		{"Par#": 192 , "Value": 0} ,
		{"Par#": 193 , "Value": 0} ,
		{"Par#": 194 , "Value": 0} ,
		{"Par#": 195 , "Value": 0} ,
		{"Par#": 196 , "Value": 0} ,
		{"Par#": 197 , "Value": 0} ,
		{"Par#": 198 , "Value": 0} ,
		{"Par#": 199 , "Value": 255} ,
		{"Par#": 200 , "Value": 255} ,
		{"Par#": 201 , "Value": 255} ,
		{"Par#": 202 , "Value": 255} ,
		{"Par#": 203 , "Value": 255} ,
		{"Par#": 204 , "Value": 255} ,
		{"Par#": 205 , "Value": 128} ,
		{"Par#": 206 , "Value": 0} ,
		{"Par#": 207 , "Value": 128} ,
		{"Par#": 208 , "Value": 255} ,
		{"Par#": 209 , "Value": 0} ,
		{"Par#": 210 , "Value": 0} ,
		{"Par#": 211 , "Value": 0} ,
		{"Par#": 212 , "Value": 0} ,
		{"Par#": 213 , "Value": 0} ,
		{"Par#": 214 , "Value": 0} ,
		{"Par#": 215 , "Value": 0} ,
		{"Par#": 216 , "Value": 0} ,
		{"Par#": 217 , "Value": 128} ,
		{"Par#": 218 , "Value": 128} ,
		{"Par#": 219 , "Value": 128} ,
		{"Par#": 220 , "Value": 0} ,
		{"Par#": 221 , "Value": 127} ,
		{"Par#": 222 , "Value": 255} ,
		{"Par#": 223 , "Value": 255} ,
		{"Par#": 224 , "Value": 255} ,
		{"Par#": 225 , "Value": 255} ,
		{"Par#": 226 , "Value": 255} ,
		{"Par#": 227 , "Value": 255} ,
		{"Par#": 228 , "Value": 0} ,
		{"Par#": 229 , "Value": 0} ,
		{"Par#": 230 , "Value": 0} ,
		{"Par#": 231 , "Value": 0} ,
		{"Par#": 232 , "Value": 0} ,
		{"Par#": 233 , "Value": 0} ,
		{"Par#": 234 , "Value": 0} ,
		{"Par#": 235 , "Value": 0} ,
		{"Par#": 236 , "Value": 0} ,
		{"Par#": 237 , "Value": 0} ,
		{"Par#": 238 , "Value": 0} ,
		{"Par#": 239 , "Value": 0} ,
		{"Par#": 240 , "Value": 0} ,
		{"Par#": 241 , "Value": 0} ,
		{"Par#": 242 , "Value": 0} ,
		{"Par#": 243 , "Value": 0} ,
		{"Par#": 244 , "Value": 0} ,
		{"Par#": 245 , "Value": 0} ,
		{"Par#": 246 , "Value": 255} ,
		{"Par#": 247 , "Value": 0} ,
		{"Par#": 248 , "Value": 0} ,
		{"Par#": 249 , "Value": 0} ,
		{"Par#": 250 , "Value": 0} ,
		{"Par#": 251 , "Value": 0} ,
		{"Par#": 252 , "Value": 0} ,
		{"Par#": 253 , "Value": 0} ,
		{"Par#": 254 , "Value": 0} ,
		{"Par#": 255 , "Value": 0} ,
		{"Par#": 256 , "Value": 255} ,
		{"Par#": 257 , "Value": 255} ,
		{"Par#": 258 , "Value": 255} ,
		{"Par#": 259 , "Value": 255} ,
		{"Par#": 260 , "Value": 255} ,
		{"Par#": 261 , "Value": 255} ,
		{"Par#": 262 , "Value": 255} ,
		{"Par#": 263 , "Value": 255} ,
		{"Par#": 264 , "Value": 255} ,
		{"Par#": 265 , "Value": 255} ,
		{"Par#": 266 , "Value": 255} ,
		{"Par#": 267 , "Value": 255} ,
		{"Par#": 268 , "Value": 0} ,
		{"Par#": 269 , "Value": 0} ,
		{"Par#": 270 , "Value": 0} ,
		{"Par#": 271 , "Value": 0} ,
		{"Par#": 272 , "Value": 0} ,
		{"Par#": 273 , "Value": 0} ,
		{"Par#": 274 , "Value": 0} ,
		{"Par#": 275 , "Value": 0} ,
		{"Par#": 276 , "Value": 0} ,
		{"Par#": 277 , "Value": 0} ,
		{"Par#": 278 , "Value": 0} ,
		{"Par#": 279 , "Value": 0} ,
		{"Par#": 280 , "Value": 1} ,
		{"Par#": 281 , "Value": 1} ,
		{"Par#": 282 , "Value": 1} ,
		{"Par#": 283 , "Value": 1} ,
		{"Par#": 284 , "Value": 1} ,
		{"Par#": 285 , "Value": 1} ,
		{"Par#": 286 , "Value": 0} ,
		{"Par#": 287 , "Value": 0} ,
		{"Par#": 288 , "Value": 0} ,
		{"Par#": 289 , "Value": 0} ,
		{"Par#": 290 , "Value": 0} ,
		{"Par#": 291 , "Value": 0} ,
		{"Par#": 292 , "Value": 0} ,
		{"Par#": 293 , "Value": 0} ,
		{"Par#": 294 , "Value": 0} ,
		{"Par#": 295 , "Value": 0} ,
		{"Par#": 296 , "Value": 0} ,
		{"Par#": 297 , "Value": 0} ,
		{"Par#": 298 , "Value": 0} ,
		{"Par#": 299 , "Value": 0} ,
		{"Par#": 300 , "Value": 255} ,
		{"Par#": 301 , "Value": 0} ,
		{"Par#": 302 , "Value": 0} ,
		{"Par#": 303 , "Value": 128} ,
		{"Par#": 304 , "Value": 0} ,
		{"Par#": 305 , "Value": 255} ,
		{"Par#": 306 , "Value": 0} ,
		{"Par#": 307 , "Value": 100} ,
		{"Par#": 308 , "Value": 1} ,
		{"Par#": 309 , "Value": 0} ,
		{"Par#": 310 , "Value": 255} ,
		{"Par#": 311 , "Value": 0} ,
		{"Par#": 312 , "Value": 0} ,
		{"Par#": 313 , "Value": 128} ,
		{"Par#": 314 , "Value": 10} ,
		{"Par#": 315 , "Value": 0} ,
		{"Par#": 316 , "Value": 128} ,
		{"Par#": 317 , "Value": 2} ,
		{"Par#": 318 , "Value": 128} ,
		{"Par#": 319 , "Value": 0} ,
		{"Par#": 320 , "Value": 255} ,
		{"Par#": 321 , "Value": 0} ,
		{"Par#": 322 , "Value": 0} ,
		{"Par#": 323 , "Value": 0} ,
		{"Par#": 324 , "Value": 0} ,
		{"Par#": 325 , "Value": 0} ,
		{"Par#": 326 , "Value": 0} ,
		{"Par#": 327 , "Value": 0} ,
		{"Par#": 328 , "Value": 0} ,
		{"Par#": 329 , "Value": 0} ,
		{"Par#": 330 , "Value": 10} ,
		{"Par#": 331 , "Value": 0} ,
		{"Par#": 332 , "Value": 0} ,
		{"Par#": 333 , "Value": 120} ,
		{"Par#": 334 , "Value": 0} ,
		{"Par#": 335 , "Value": 0} ,
		{"Par#": 336 , "Value": 0} ,
		{"Par#": 337 , "Value": 0} ,
		{"Par#": 338 , "Value": 0} ,
		{"Par#": 339 , "Value": 0} ,
		{"Par#": 340 , "Value": 0} ,
		{"Par#": 341 , "Value": 0} ,
		{"Par#": 342 , "Value": 0} ,
		{"Par#": 343 , "Value": 0} ,
		{"Par#": 344 , "Value": 0} ,
		{"Par#": 345 , "Value": 0} ,
		{"Par#": 346 , "Value": 0} ,
		{"Par#": 347 , "Value": 0} ,
		{"Par#": 348 , "Value": 0} ,
		{"Par#": 349 , "Value": 0} ,
		{"Par#": 350 , "Value": 255} ,
		{"Par#": 351 , "Value": 0} ,
		{"Par#": 352 , "Value": 0} ,
		{"Par#": 353 , "Value": 0} ,
		{"Par#": 354 , "Value": 0} ,
		{"Par#": 355 , "Value": 0} ,
		{"Par#": 356 , "Value": 0} ,
		{"Par#": 357 , "Value": 0} ,
		{"Par#": 358 , "Value": 0} ,
		{"Par#": 359 , "Value": 0} ,
		{"Par#": 360 , "Value": 255} ,
		{"Par#": 361 , "Value": 0} ,
		{"Par#": 362 , "Value": 0} ,
		{"Par#": 363 , "Value": 50} ,
		{"Par#": 364 , "Value": 0} ,
		{"Par#": 365 , "Value": 0} ,
		{"Par#": 366 , "Value": 128} ,
		{"Par#": 367 , "Value": 0} ,
		{"Par#": 368 , "Value": 0} ,
		{"Par#": 369 , "Value": 0} ,
		{"Par#": 370 , "Value": 0} ,
		{"Par#": 371 , "Value": 0} ,
		{"Par#": 372 , "Value": 0} ,
		{"Par#": 373 , "Value": 0} ,
		{"Par#": 374 , "Value": 0} ,
		{"Par#": 375 , "Value": 0} ,
		{"Par#": 376 , "Value": 0} ,
		{"Par#": 377 , "Value": 0} ,
		{"Par#": 378 , "Value": 0} ,
		{"Par#": 379 , "Value": 0} ,
		{"Par#": 380 , "Value": 0} ,
		{"Par#": 381 , "Value": 0} ,
		{"Par#": 382 , "Value": 0} ,
		{"Par#": 383 , "Value": 0} ,
		{"Par#": 384 , "Value": 0} ,
		{"Par#": 385 , "Value": 0} ,
		{"Par#": 386 , "Value": 0} ,
		{"Par#": 387 , "Value": 0} ,
		{"Par#": 388 , "Value": 0} ,
		{"Par#": 389 , "Value": 0} ,
		{"Par#": 390 , "Value": 255} ,
		{"Par#": 391 , "Value": 0} ,
		{"Par#": 392 , "Value": 0} ,
		{"Par#": 393 , "Value": 100} ,
		{"Par#": 394 , "Value": 0} ,
		{"Par#": 395 , "Value": 0} ,
		{"Par#": 396 , "Value": 0} ,
		{"Par#": 397 , "Value": 0} ,
		{"Par#": 398 , "Value": 0} ,
		{"Par#": 399 , "Value": 0} ,
		{"Par#": 400 , "Value": 0} ,
		{"Par#": 401 , "Value": 0} ,
		{"Par#": 402 , "Value": 0} ,
		{"Par#": 403 , "Value": 0} ,
		{"Par#": 404 , "Value": 0} ,
		{"Par#": 405 , "Value": 0} ,
		{"Par#": 406 , "Value": 0} ,
		{"Par#": 407 , "Value": 0} ,
		{"Par#": 408 , "Value": 0} ,
		{"Par#": 409 , "Value": 0} ,
		{"Par#": 410 , "Value": 0} ,
		{"Par#": 411 , "Value": 200} ,
		{"Par#": 412 , "Value": 0} ,
		{"Par#": 413 , "Value": 0} ,
		{"Par#": 414 , "Value": 0} ,
		{"Par#": 415 , "Value": 0} ,
		{"Par#": 416 , "Value": 0} ,
		{"Par#": 417 , "Value": 0} ,
		{"Par#": 418 , "Value": 0} ,
		{"Par#": 419 , "Value": 0} ,
		{"Par#": 420 , "Value": 0} ,
		{"Par#": 421 , "Value": 0} ,
		{"Par#": 422 , "Value": 0} ,
		{"Par#": 423 , "Value": 0} ,
		{"Par#": 424 , "Value": 0} ,
		{"Par#": 425 , "Value": 0} ,
		{"Par#": 426 , "Value": 0} ,
		{"Par#": 427 , "Value": 0} ,
		{"Par#": 428 , "Value": 0} ,
		{"Par#": 429 , "Value": 0} ,
		{"Par#": 430 , "Value": 5} ,
		{"Par#": 431 , "Value": 5} ,
		{"Par#": 432 , "Value": 0} ,
		{"Par#": 433 , "Value": 100} ,
		{"Par#": 434 , "Value": 0} ,
		{"Par#": 435 , "Value": 1} ,
		{"Par#": 436 , "Value": 0} ,
		{"Par#": 437 , "Value": 0} ,
		{"Par#": 438 , "Value": 0} ,
		{"Par#": 439 , "Value": 0} ,
		{"Par#": 440 , "Value": 0} ,
		{"Par#": 441 , "Value": 0} ,
		{"Par#": 442 , "Value": 0} ,
		{"Par#": 443 , "Value": 0} ,
		{"Par#": 444 , "Value": 0} ,
		{"Par#": 445 , "Value": 0} ,
		{"Par#": 446 , "Value": 0} ,
		{"Par#": 447 , "Value": 0} ,
		{"Par#": 448 , "Value": 0} ,
		{"Par#": 449 , "Value": 0} ,
		{"Par#": 450 , "Value": 0} ,
		{"Par#": 451 , "Value": 0} ,
		{"Par#": 452 , "Value": 0} ,
		{"Par#": 453 , "Value": 0} ,
		{"Par#": 454 , "Value": 0} ,
		{"Par#": 455 , "Value": 0} ,
		{"Par#": 456 , "Value": 0} ,
		{"Par#": 457 , "Value": 0} ,
		{"Par#": 458 , "Value": 0} ,
		{"Par#": 459 , "Value": 0} ,
		{"Par#": 460 , "Value": 0} ,
		{"Par#": 461 , "Value": 0} ,
		{"Par#": 462 , "Value": 0} ,
		{"Par#": 463 , "Value": 0} ,
		{"Par#": 464 , "Value": 0} ,
		{"Par#": 465 , "Value": 0} ,
		{"Par#": 466 , "Value": 0} ,
		{"Par#": 467 , "Value": 0} ,
		{"Par#": 468 , "Value": 0} ,
		{"Par#": 469 , "Value": 0} ,
		{"Par#": 470 , "Value": 0} ,
		{"Par#": 471 , "Value": 0} ,
		{"Par#": 472 , "Value": 0} ,
		{"Par#": 473 , "Value": 0} ,
		{"Par#": 474 , "Value": 0} ,
		{"Par#": 475 , "Value": 0} ,
		{"Par#": 476 , "Value": 0} ,
		{"Par#": 477 , "Value": 0} ,
		{"Par#": 478 , "Value": 0} ,
		{"Par#": 479 , "Value": 0} ,
		{"Par#": 480 , "Value": 0} ,
		{"Par#": 481 , "Value": 0} ,
		{"Par#": 482 , "Value": 0} ,
		{"Par#": 483 , "Value": 0} ,
		{"Par#": 484 , "Value": 0} ,
		{"Par#": 485 , "Value": 0} ,
		{"Par#": 486 , "Value": 0} ,
		{"Par#": 487 , "Value": 0} ,
		{"Par#": 488 , "Value": 0} ,
		{"Par#": 489 , "Value": 0} ,
		{"Par#": 490 , "Value": 0} ,
		{"Par#": 491 , "Value": 0} ,
		{"Par#": 492 , "Value": 0} ,
		{"Par#": 493 , "Value": 0} ,
		{"Par#": 494 , "Value": 0} ,
		{"Par#": 495 , "Value": 0} ,
		{"Par#": 496 , "Value": 0} ,
		{"Par#": 497 , "Value": 0} ,
		{"Par#": 498 , "Value": 0} ,
		{"Par#": 499 , "Value": 0} ,
		{"Par#": 500 , "Value": 0} ,
		{"Par#": 501 , "Value": 1} ,
		{"Par#": 502 , "Value": 0} ,
		{"Par#": 503 , "Value": 0} ,
		{"Par#": 504 , "Value": 0} ,
		{"Par#": 505 , "Value": 0} ,
		{"Par#": 506 , "Value": 0} ,
		{"Par#": 507 , "Value": 0} ,
		{"Par#": 508 , "Value": 0} ,
		{"Par#": 509 , "Value": 0} ,
		{"Par#": 510 , "Value": 0} ,
		{"Par#": 511 , "Value": 0}
	]
}
