{
	"Short_Name": "DX7 Alg 15",
	"Long_Name": "Preset DX7 Algorithm 15",
	"Description": "XFM2 Program description",
	"date": "20200410",
	"Creator": "Design.Thoughtz.eu",
	"parameters": [
		{ "Par#": 1 , "Value": 5 } ,
		{ "Par#": 2 , "Value": 0 } ,
		{ "Par#": 3 , "Value": 17 } ,
		{ "Par#": 4 , "Value": 96 } ,
		{ "Par#": 5 , "Value": 0 } ,
		{ "Par#": 6 , "Value": 0 } ,
		{ "Par#": 7 , "Value": 0 } ,
		{ "Par#": 8 , "Value": 1 } ,
		{ "Par#": 9 , "Value": 0 } ,
		{ "Par#": 10 , "Value": 0 } ,
		{ "Par#": 11 , "Value": 0 } ,
		{ "Par#": 12 , "Value": 0 }
 	]
}
